date,day,task_kind,review_offset_days,ref_day,focus_type,qid,title,difficulty,suggest_minutes,done,one_shot_pass,time_spent_min,notes,next_review_D+1,next_review_D+4,next_review_D+10,next_review_D+21
2026-02-15,1,new,,1,数组 / 字符串,88,合并两个有序数组,EASY,45,,,,,2026-02-16,2026-02-19,2026-02-25,2026-03-08
2026-02-15,1,new,,1,哈希表,383,赎金信,EASY,45,,,,,2026-02-16,2026-02-19,2026-02-25,2026-03-08
2026-02-15,1,new,,1,双指针,125,验证回文串,EASY,45,,,,,2026-02-16,2026-02-19,2026-02-25,2026-03-08
2026-02-16,2,new,,2,滑动窗口,209,长度最小的子数组,MEDIUM,45,,,,,2026-02-17,2026-02-20,2026-02-26,2026-03-09
2026-02-16,2,new,,2,数组 / 字符串,27,移除元素,EASY,45,,,,,2026-02-17,2026-02-20,2026-02-26,2026-03-09
2026-02-16,2,new,,2,哈希表,205,同构字符串,EASY,45,,,,,2026-02-17,2026-02-20,2026-02-26,2026-03-09
2026-02-16,2,review,-1,1,数组 / 字符串,88,合并两个有序数组,EASY,15,,,,,2026-02-16,2026-02-19,2026-02-25,2026-03-08
2026-02-17,3,new,,3,矩阵,36,有效的数独,MEDIUM,45,,,,,2026-02-18,2026-02-21,2026-02-27,2026-03-10
2026-02-17,3,new,,3,数组 / 字符串,26,删除有序数组中的重复项,EASY,45,,,,,2026-02-18,2026-02-21,2026-02-27,2026-03-10
2026-02-17,3,new,,3,双指针,392,判断子序列,EASY,45,,,,,2026-02-18,2026-02-21,2026-02-27,2026-03-10
2026-02-17,3,review,-1,2,滑动窗口,209,长度最小的子数组,MEDIUM,15,,,,,2026-02-17,2026-02-20,2026-02-26,2026-03-09
2026-02-18,4,new,,4,数组 / 字符串,80,删除有序数组中的重复项 II,MEDIUM,45,,,,,2026-02-19,2026-02-22,2026-02-28,2026-03-11
2026-02-18,4,new,,4,区间,228,汇总区间,EASY,45,,,,,2026-02-19,2026-02-22,2026-02-28,2026-03-11
2026-02-18,4,new,,4,哈希表,290,单词规律,EASY,45,,,,,2026-02-19,2026-02-22,2026-02-28,2026-03-11
2026-02-18,4,review,-1,3,矩阵,36,有效的数独,MEDIUM,15,,,,,2026-02-18,2026-02-21,2026-02-27,2026-03-10
2026-02-19,5,new,,5,双指针,167,两数之和 II - 输入有序数组,MEDIUM,45,,,,,2026-02-20,2026-02-23,2026-03-01,2026-03-12
2026-02-19,5,new,,5,滑动窗口,3,无重复字符的最长子串,MEDIUM,45,,,,,2026-02-20,2026-02-23,2026-03-01,2026-03-12
2026-02-19,5,new,,5,数组 / 字符串,169,多数元素,EASY,45,,,,,2026-02-20,2026-02-23,2026-03-01,2026-03-12
2026-02-19,5,review,-1,4,数组 / 字符串,80,删除有序数组中的重复项 II,MEDIUM,15,,,,,2026-02-19,2026-02-22,2026-02-28,2026-03-11
2026-02-19,5,review,-4,1,数组 / 字符串,88,合并两个有序数组,EASY,15,,,,,2026-02-16,2026-02-19,2026-02-25,2026-03-08
2026-02-20,6,new,,6,哈希表,242,有效的字母异位词,EASY,45,,,,,2026-02-21,2026-02-24,2026-03-02,2026-03-13
2026-02-20,6,new,,6,矩阵,54,螺旋矩阵,MEDIUM,45,,,,,2026-02-21,2026-02-24,2026-03-02,2026-03-13
2026-02-20,6,new,,6,数组 / 字符串,189,轮转数组,MEDIUM,45,,,,,2026-02-21,2026-02-24,2026-03-02,2026-03-13
2026-02-20,6,review,-1,5,双指针,167,两数之和 II - 输入有序数组,MEDIUM,15,,,,,2026-02-20,2026-02-23,2026-03-01,2026-03-12
2026-02-20,6,review,-4,2,滑动窗口,209,长度最小的子数组,MEDIUM,15,,,,,2026-02-17,2026-02-20,2026-02-26,2026-03-09
2026-02-21,7,new,,7,数组 / 字符串,121,买卖股票的最佳时机,EASY,45,,,,,2026-02-22,2026-02-25,2026-03-03,2026-03-14
2026-02-21,7,new,,7,哈希表,49,字母异位词分组,MEDIUM,45,,,,,2026-02-22,2026-02-25,2026-03-03,2026-03-14
2026-02-21,7,new,,7,双指针,11,盛最多水的容器,MEDIUM,45,,,,,2026-02-22,2026-02-25,2026-03-03,2026-03-14
2026-02-21,7,review,-1,6,哈希表,242,有效的字母异位词,EASY,15,,,,,2026-02-21,2026-02-24,2026-03-02,2026-03-13
2026-02-21,7,review,-4,3,矩阵,36,有效的数独,MEDIUM,15,,,,,2026-02-18,2026-02-21,2026-02-27,2026-03-10
2026-02-22,8,new,,8,栈,20,有效的括号,EASY,45,,,,,2026-02-23,2026-02-26,2026-03-04,2026-03-15
2026-02-22,8,new,,8,链表,141,环形链表,EASY,45,,,,,2026-02-23,2026-02-26,2026-03-04,2026-03-15
2026-02-22,8,new,,8,链表,2,两数相加,MEDIUM,45,,,,,2026-02-23,2026-02-26,2026-03-04,2026-03-15
2026-02-22,8,review,-1,7,数组 / 字符串,121,买卖股票的最佳时机,EASY,15,,,,,2026-02-22,2026-02-25,2026-03-03,2026-03-14
2026-02-22,8,review,-4,4,数组 / 字符串,80,删除有序数组中的重复项 II,MEDIUM,15,,,,,2026-02-19,2026-02-22,2026-02-28,2026-03-11
2026-02-23,9,new,,9,链表,21,合并两个有序链表,EASY,45,,,,,2026-02-24,2026-02-27,2026-03-05,2026-03-16
2026-02-23,9,new,,9,栈,71,简化路径,MEDIUM,45,,,,,2026-02-24,2026-02-27,2026-03-05,2026-03-16
2026-02-23,9,new,,9,数组 / 字符串,122,买卖股票的最佳时机 II,MEDIUM,45,,,,,2026-02-24,2026-02-27,2026-03-05,2026-03-16
2026-02-23,9,review,-1,8,栈,20,有效的括号,EASY,15,,,,,2026-02-23,2026-02-26,2026-03-04,2026-03-15
2026-02-23,9,review,-4,5,双指针,167,两数之和 II - 输入有序数组,MEDIUM,15,,,,,2026-02-20,2026-02-23,2026-03-01,2026-03-12
2026-02-24,10,new,,10,链表,138,随机链表的复制,MEDIUM,45,,,,,2026-02-25,2026-02-28,2026-03-06,2026-03-17
2026-02-24,10,new,,10,链表,92,反转链表 II,MEDIUM,45,,,,,2026-02-25,2026-02-28,2026-03-06,2026-03-17
2026-02-24,10,new,,10,栈,155,最小栈,MEDIUM,45,,,,,2026-02-25,2026-02-28,2026-03-06,2026-03-17
2026-02-24,10,review,-1,9,链表,21,合并两个有序链表,EASY,15,,,,,2026-02-24,2026-02-27,2026-03-05,2026-03-16
2026-02-24,10,review,-4,6,哈希表,242,有效的字母异位词,EASY,15,,,,,2026-02-21,2026-02-24,2026-03-02,2026-03-13
2026-02-25,11,new,,11,链表,25,K 个一组翻转链表,HARD,45,,,,,2026-02-26,2026-03-01,2026-03-07,2026-03-18
2026-02-25,11,new,,11,数组 / 字符串,55,跳跃游戏,MEDIUM,45,,,,,2026-02-26,2026-03-01,2026-03-07,2026-03-18
2026-02-25,11,new,,11,栈,150,逆波兰表达式求值,MEDIUM,45,,,,,2026-02-26,2026-03-01,2026-03-07,2026-03-18
2026-02-25,11,review,-1,10,链表,138,随机链表的复制,MEDIUM,15,,,,,2026-02-25,2026-02-28,2026-03-06,2026-03-17
2026-02-25,11,review,-4,7,数组 / 字符串,121,买卖股票的最佳时机,EASY,15,,,,,2026-02-22,2026-02-25,2026-03-03,2026-03-14
2026-02-26,12,new,,12,链表,19,删除链表的倒数第 N 个结点,MEDIUM,45,,,,,2026-02-27,2026-03-02,2026-03-08,2026-03-19
2026-02-26,12,new,,12,链表,82,删除排序链表中的重复元素 II,MEDIUM,45,,,,,2026-02-27,2026-03-02,2026-03-08,2026-03-19
2026-02-26,12,new,,12,双指针,15,三数之和,MEDIUM,45,,,,,2026-02-27,2026-03-02,2026-03-08,2026-03-19
2026-02-26,12,review,-1,11,链表,25,K 个一组翻转链表,HARD,15,,,,,2026-02-26,2026-03-01,2026-03-07,2026-03-18
2026-02-26,12,review,-4,8,栈,20,有效的括号,EASY,15,,,,,2026-02-23,2026-02-26,2026-03-04,2026-03-15
2026-02-27,13,new,,13,栈,224,基本计算器,HARD,45,,,,,2026-02-28,2026-03-03,2026-03-09,2026-03-20
2026-02-27,13,new,,13,链表,61,旋转链表,MEDIUM,45,,,,,2026-02-28,2026-03-03,2026-03-09,2026-03-20
2026-02-27,13,new,,13,哈希表,1,两数之和,EASY,45,,,,,2026-02-28,2026-03-03,2026-03-09,2026-03-20
2026-02-27,13,review,-1,12,链表,19,删除链表的倒数第 N 个结点,MEDIUM,15,,,,,2026-02-27,2026-03-02,2026-03-08,2026-03-19
2026-02-27,13,review,-4,9,链表,21,合并两个有序链表,EASY,15,,,,,2026-02-24,2026-02-27,2026-03-05,2026-03-16
2026-02-28,14,new,,14,链表,86,分隔链表,MEDIUM,45,,,,,2026-03-01,2026-03-04,2026-03-10,2026-03-21
2026-02-28,14,new,,14,栈,394,字符串解码,MEDIUM,45,,,,,2026-03-01,2026-03-04,2026-03-10,2026-03-21
2026-02-28,14,new,,14,数组 / 字符串,45,跳跃游戏 II,MEDIUM,45,,,,,2026-03-01,2026-03-04,2026-03-10,2026-03-21
2026-02-28,14,review,-1,13,栈,224,基本计算器,HARD,15,,,,,2026-02-28,2026-03-03,2026-03-09,2026-03-20
2026-02-28,14,review,-4,10,链表,138,随机链表的复制,MEDIUM,15,,,,,2026-02-25,2026-02-28,2026-03-06,2026-03-17
2026-03-01,15,new,,15,二分查找,35,搜索插入位置,EASY,45,,,,,2026-03-02,2026-03-05,2026-03-11,2026-03-22
2026-03-01,15,new,,15,区间,56,合并区间,MEDIUM,45,,,,,2026-03-02,2026-03-05,2026-03-11,2026-03-22
2026-03-01,15,new,,15,堆,215,数组中的第K个最大元素,MEDIUM,45,,,,,2026-03-02,2026-03-05,2026-03-11,2026-03-22
2026-03-01,15,review,-1,14,链表,86,分隔链表,MEDIUM,15,,,,,2026-03-01,2026-03-04,2026-03-10,2026-03-21
2026-03-01,15,review,-4,11,链表,25,K 个一组翻转链表,HARD,15,,,,,2026-02-26,2026-03-01,2026-03-07,2026-03-18
2026-03-02,16,new,,16,堆,502,IPO,HARD,45,,,,,2026-03-03,2026-03-06,2026-03-12,2026-03-23
2026-03-02,16,new,,16,二分查找,74,搜索二维矩阵,MEDIUM,45,,,,,2026-03-03,2026-03-06,2026-03-12,2026-03-23
2026-03-02,16,new,,16,数组 / 字符串,274,H 指数,MEDIUM,45,,,,,2026-03-03,2026-03-06,2026-03-12,2026-03-23
2026-03-02,16,review,-1,15,二分查找,35,搜索插入位置,EASY,15,,,,,2026-03-02,2026-03-05,2026-03-11,2026-03-22
2026-03-02,16,review,-4,12,链表,19,删除链表的倒数第 N 个结点,MEDIUM,15,,,,,2026-02-27,2026-03-02,2026-03-08,2026-03-19
2026-03-03,17,new,,17,分治,108,将有序数组转换为二叉搜索树,EASY,45,,,,,2026-03-04,2026-03-07,2026-03-13,2026-03-24
2026-03-03,17,new,,17,Kadane 算法,53,最大子数组和,MEDIUM,45,,,,,2026-03-04,2026-03-07,2026-03-13,2026-03-24
2026-03-03,17,new,,17,数组 / 字符串,380,O(1) 时间插入、删除和获取随机元素,MEDIUM,45,,,,,2026-03-04,2026-03-07,2026-03-13,2026-03-24
2026-03-03,17,review,-1,16,堆,502,IPO,HARD,15,,,,,2026-03-03,2026-03-06,2026-03-12,2026-03-23
2026-03-03,17,review,-4,13,栈,224,基本计算器,HARD,15,,,,,2026-02-28,2026-03-03,2026-03-09,2026-03-20
2026-03-04,18,new,,18,二分查找,162,寻找峰值,MEDIUM,45,,,,,2026-03-05,2026-03-08,2026-03-14,2026-03-25
2026-03-04,18,new,,18,堆,373,查找和最小的 K 对数字,MEDIUM,45,,,,,2026-03-05,2026-03-08,2026-03-14,2026-03-25
2026-03-04,18,new,,18,哈希表,202,快乐数,EASY,45,,,,,2026-03-05,2026-03-08,2026-03-14,2026-03-25
2026-03-04,18,review,-1,17,分治,108,将有序数组转换为二叉搜索树,EASY,15,,,,,2026-03-04,2026-03-07,2026-03-13,2026-03-24
2026-03-04,18,review,-4,14,链表,86,分隔链表,MEDIUM,15,,,,,2026-03-01,2026-03-04,2026-03-10,2026-03-21
2026-03-05,19,new,,19,位运算,67,二进制求和,EASY,45,,,,,2026-03-06,2026-03-09,2026-03-15,2026-03-26
2026-03-05,19,new,,19,数学,9,回文数,EASY,45,,,,,2026-03-06,2026-03-09,2026-03-15,2026-03-26
2026-03-05,19,new,,19,数组 / 字符串,238,除了自身以外数组的乘积,MEDIUM,45,,,,,2026-03-06,2026-03-09,2026-03-15,2026-03-26
2026-03-05,19,review,-1,18,二分查找,162,寻找峰值,MEDIUM,15,,,,,2026-03-05,2026-03-08,2026-03-14,2026-03-25
2026-03-05,19,review,-4,15,二分查找,35,搜索插入位置,EASY,15,,,,,2026-03-02,2026-03-05,2026-03-11,2026-03-22
2026-03-06,20,new,,20,二分查找,33,搜索旋转排序数组,MEDIUM,45,,,,,2026-03-07,2026-03-10,2026-03-16,2026-03-27
2026-03-06,20,new,,20,区间,57,插入区间,MEDIUM,45,,,,,2026-03-07,2026-03-10,2026-03-16,2026-03-27
2026-03-06,20,new,,20,栈,739,每日温度,MEDIUM,45,,,,,2026-03-07,2026-03-10,2026-03-16,2026-03-27
2026-03-06,20,review,-1,19,位运算,67,二进制求和,EASY,15,,,,,2026-03-06,2026-03-09,2026-03-15,2026-03-26
2026-03-06,20,review,-4,16,堆,502,IPO,HARD,15,,,,,2026-03-03,2026-03-06,2026-03-12,2026-03-23
2026-03-07,21,new,,21,堆,295,数据流的中位数,HARD,45,,,,,2026-03-08,2026-03-11,2026-03-17,2026-03-28
2026-03-07,21,new,,21,数组 / 字符串,134,加油站,MEDIUM,45,,,,,2026-03-08,2026-03-11,2026-03-17,2026-03-28
2026-03-07,21,new,,21,数学,66,加一,EASY,45,,,,,2026-03-08,2026-03-11,2026-03-17,2026-03-28
2026-03-07,21,review,-1,20,二分查找,33,搜索旋转排序数组,MEDIUM,15,,,,,2026-03-07,2026-03-10,2026-03-16,2026-03-27
2026-03-07,21,review,-4,17,分治,108,将有序数组转换为二叉搜索树,EASY,15,,,,,2026-03-04,2026-03-07,2026-03-13,2026-03-24
2026-03-08,22,new,,22,二叉树,104,二叉树的最大深度,EASY,45,,,,,2026-03-09,2026-03-12,2026-03-18,2026-03-29
2026-03-08,22,new,,22,二叉树,100,相同的树,EASY,45,,,,,2026-03-09,2026-03-12,2026-03-18,2026-03-29
2026-03-08,22,new,,22,二叉树层次遍历,199,二叉树的右视图,MEDIUM,45,,,,,2026-03-09,2026-03-12,2026-03-18,2026-03-29
2026-03-08,22,review,-1,21,堆,295,数据流的中位数,HARD,15,,,,,2026-03-08,2026-03-11,2026-03-17,2026-03-28
2026-03-08,22,review,-4,18,二分查找,162,寻找峰值,MEDIUM,15,,,,,2026-03-05,2026-03-08,2026-03-14,2026-03-25
2026-03-09,23,new,,23,二叉树,226,翻转二叉树,EASY,45,,,,,2026-03-10,2026-03-13,2026-03-19,2026-03-30
2026-03-09,23,new,,23,二叉搜索树,530,二叉搜索树的最小绝对差,EASY,45,,,,,2026-03-10,2026-03-13,2026-03-19,2026-03-30
2026-03-09,23,new,,23,二叉树,101,对称二叉树,EASY,45,,,,,2026-03-10,2026-03-13,2026-03-19,2026-03-30
2026-03-09,23,review,-1,22,二叉树,104,二叉树的最大深度,EASY,15,,,,,2026-03-09,2026-03-12,2026-03-18,2026-03-29
2026-03-09,23,review,-4,19,位运算,67,二进制求和,EASY,15,,,,,2026-03-06,2026-03-09,2026-03-15,2026-03-26
2026-03-10,24,new,,24,二叉树,105,从前序与中序遍历序列构造二叉树,MEDIUM,45,,,,,2026-03-11,2026-03-14,2026-03-20,2026-03-31
2026-03-10,24,new,,24,二叉树层次遍历,637,二叉树的层平均值,EASY,45,,,,,2026-03-11,2026-03-14,2026-03-20,2026-03-31
2026-03-10,24,new,,24,数组 / 字符串,135,分发糖果,HARD,45,,,,,2026-03-11,2026-03-14,2026-03-20,2026-03-31
2026-03-10,24,review,-1,23,二叉树,226,翻转二叉树,EASY,15,,,,,2026-03-10,2026-03-13,2026-03-19,2026-03-30
2026-03-10,24,review,-4,20,二分查找,33,搜索旋转排序数组,MEDIUM,15,,,,,2026-03-07,2026-03-10,2026-03-16,2026-03-27
2026-03-11,25,new,,25,二叉树,106,从中序与后序遍历序列构造二叉树,MEDIUM,45,,,,,2026-03-12,2026-03-15,2026-03-21,2026-04-01
2026-03-11,25,new,,25,二叉树,117,填充每个节点的下一个右侧节点指针 II,MEDIUM,45,,,,,2026-03-12,2026-03-15,2026-03-21,2026-04-01
2026-03-11,25,new,,25,哈希表,219,存在重复元素 II,EASY,45,,,,,2026-03-12,2026-03-15,2026-03-21,2026-04-01
2026-03-11,25,review,-1,24,二叉树,105,从前序与中序遍历序列构造二叉树,MEDIUM,15,,,,,2026-03-11,2026-03-14,2026-03-20,2026-03-31
2026-03-11,25,review,-4,21,堆,295,数据流的中位数,HARD,15,,,,,2026-03-08,2026-03-11,2026-03-17,2026-03-28
2026-03-12,26,new,,26,二叉搜索树,230,二叉搜索树中第 K 小的元素,MEDIUM,45,,,,,2026-03-13,2026-03-16,2026-03-22,2026-04-02
2026-03-12,26,new,,26,二叉树,114,二叉树展开为链表,MEDIUM,45,,,,,2026-03-13,2026-03-16,2026-03-22,2026-04-02
2026-03-12,26,new,,26,双指针,283,移动零,EASY,45,,,,,2026-03-13,2026-03-16,2026-03-22,2026-04-02
2026-03-12,26,review,-1,25,二叉树,106,从中序与后序遍历序列构造二叉树,MEDIUM,15,,,,,2026-03-12,2026-03-15,2026-03-21,2026-04-01
2026-03-12,26,review,-4,22,二叉树,104,二叉树的最大深度,EASY,15,,,,,2026-03-09,2026-03-12,2026-03-18,2026-03-29
2026-03-13,27,new,,27,字典树,208,实现 Trie (前缀树),MEDIUM,45,,,,,2026-03-14,2026-03-17,2026-03-23,2026-04-03
2026-03-13,27,new,,27,二叉树,112,路径总和,EASY,45,,,,,2026-03-14,2026-03-17,2026-03-23,2026-04-03
2026-03-13,27,new,,27,栈,84,柱状图中最大的矩形,HARD,45,,,,,2026-03-14,2026-03-17,2026-03-23,2026-04-03
2026-03-13,27,review,-1,26,二叉搜索树,230,二叉搜索树中第 K 小的元素,MEDIUM,15,,,,,2026-03-13,2026-03-16,2026-03-22,2026-04-02
2026-03-13,27,review,-4,23,二叉树,226,翻转二叉树,EASY,15,,,,,2026-03-10,2026-03-13,2026-03-19,2026-03-30
2026-03-14,28,new,,28,二叉树,129,求根节点到叶节点数字之和,MEDIUM,45,,,,,2026-03-15,2026-03-18,2026-03-24,2026-04-04
2026-03-14,28,new,,28,字典树,211,添加与搜索单词 - 数据结构设计,MEDIUM,45,,,,,2026-03-15,2026-03-18,2026-03-24,2026-04-04
2026-03-14,28,new,,28,二叉树层次遍历,102,二叉树的层序遍历,MEDIUM,45,,,,,2026-03-15,2026-03-18,2026-03-24,2026-04-04
2026-03-14,28,review,-1,27,字典树,208,实现 Trie (前缀树),MEDIUM,15,,,,,2026-03-14,2026-03-17,2026-03-23,2026-04-03
2026-03-14,28,review,-4,24,二叉树,105,从前序与中序遍历序列构造二叉树,MEDIUM,15,,,,,2026-03-11,2026-03-14,2026-03-20,2026-03-31
2026-03-15,29,new,,29,回溯,17,电话号码的字母组合,MEDIUM,45,,,,,2026-03-16,2026-03-19,2026-03-25,2026-04-05
2026-03-15,29,new,,29,回溯,77,组合,MEDIUM,45,,,,,2026-03-16,2026-03-19,2026-03-25,2026-04-05
2026-03-15,29,new,,29,数组 / 字符串,42,接雨水,HARD,45,,,,,2026-03-16,2026-03-19,2026-03-25,2026-04-05
2026-03-15,29,review,-1,28,二叉树,129,求根节点到叶节点数字之和,MEDIUM,15,,,,,2026-03-15,2026-03-18,2026-03-24,2026-04-04
2026-03-15,29,review,-4,25,二叉树,106,从中序与后序遍历序列构造二叉树,MEDIUM,15,,,,,2026-03-12,2026-03-15,2026-03-21,2026-04-01
2026-03-16,30,new,,30,回溯,46,全排列,MEDIUM,45,,,,,2026-03-17,2026-03-20,2026-03-26,2026-04-06
2026-03-16,30,new,,30,位运算,190,颠倒二进制位,EASY,45,,,,,2026-03-17,2026-03-20,2026-03-26,2026-04-06
2026-03-16,30,new,,30,数组 / 字符串,13,罗马数字转整数,EASY,45,,,,,2026-03-17,2026-03-20,2026-03-26,2026-04-06
2026-03-16,30,review,-1,29,回溯,17,电话号码的字母组合,MEDIUM,15,,,,,2026-03-16,2026-03-19,2026-03-25,2026-04-05
2026-03-16,30,review,-4,26,二叉搜索树,230,二叉搜索树中第 K 小的元素,MEDIUM,15,,,,,2026-03-13,2026-03-16,2026-03-22,2026-04-02
2026-03-17,31,new,,31,回溯,39,组合总和,MEDIUM,45,,,,,2026-03-18,2026-03-21,2026-03-27,2026-04-07
2026-03-17,31,new,,31,数学,172,阶乘后的零,MEDIUM,45,,,,,2026-03-18,2026-03-21,2026-03-27,2026-04-07
2026-03-17,31,new,,31,哈希表,128,最长连续序列,MEDIUM,45,,,,,2026-03-18,2026-03-21,2026-03-27,2026-04-07
2026-03-17,31,review,-1,30,回溯,46,全排列,MEDIUM,15,,,,,2026-03-17,2026-03-20,2026-03-26,2026-04-06
2026-03-17,31,review,-4,27,字典树,208,实现 Trie (前缀树),MEDIUM,15,,,,,2026-03-14,2026-03-17,2026-03-23,2026-04-03
2026-03-18,32,new,,32,回溯,52,N 皇后 II,HARD,45,,,,,2026-03-19,2026-03-22,2026-03-28,2026-04-08
2026-03-18,32,new,,32,数组 / 字符串,12,整数转罗马数字,MEDIUM,45,,,,,2026-03-19,2026-03-22,2026-03-28,2026-04-08
2026-03-18,32,new,,32,栈,58,最后一个单词的长度,EASY,45,,,,,2026-03-19,2026-03-22,2026-03-28,2026-04-08
2026-03-18,32,review,-1,31,回溯,39,组合总和,MEDIUM,15,,,,,2026-03-18,2026-03-21,2026-03-27,2026-04-07
2026-03-18,32,review,-4,28,二叉树,129,求根节点到叶节点数字之和,MEDIUM,15,,,,,2026-03-15,2026-03-18,2026-03-24,2026-04-04
2026-03-19,33,new,,33,位运算,191,位1的个数,EASY,45,,,,,2026-03-20,2026-03-23,2026-03-29,2026-04-09
2026-03-19,33,new,,33,回溯,22,括号生成,MEDIUM,45,,,,,2026-03-20,2026-03-23,2026-03-29,2026-04-09
2026-03-19,33,new,,33,双指针,14,最长公共前缀,EASY,45,,,,,2026-03-20,2026-03-23,2026-03-29,2026-04-09
2026-03-19,33,review,-1,32,回溯,52,N 皇后 II,HARD,15,,,,,2026-03-19,2026-03-22,2026-03-28,2026-04-08
2026-03-19,33,review,-4,29,回溯,17,电话号码的字母组合,MEDIUM,15,,,,,2026-03-16,2026-03-19,2026-03-25,2026-04-05
2026-03-20,34,new,,34,数学,69,x 的平方根,EASY,45,,,,,2026-03-21,2026-03-24,2026-03-30,2026-04-10
2026-03-20,34,new,,34,数组 / 字符串,151,反转字符串中的单词,MEDIUM,45,,,,,2026-03-21,2026-03-24,2026-03-30,2026-04-10
2026-03-20,34,new,,34,哈希表,6,Z 字形变换,MEDIUM,45,,,,,2026-03-21,2026-03-24,2026-03-30,2026-04-10
2026-03-20,34,review,-1,33,位运算,191,位1的个数,EASY,15,,,,,2026-03-20,2026-03-23,2026-03-29,2026-04-09
2026-03-20,34,review,-4,30,回溯,46,全排列,MEDIUM,15,,,,,2026-03-17,2026-03-20,2026-03-26,2026-04-06
2026-03-21,35,new,,35,回溯,79,单词搜索,MEDIUM,45,,,,,2026-03-22,2026-03-25,2026-03-31,2026-04-11
2026-03-21,35,new,,35,数组 / 字符串,28,找出字符串中第一个匹配项的下标,EASY,45,,,,,2026-03-22,2026-03-25,2026-03-31,2026-04-11
2026-03-21,35,new,,35,二分查找,34,在排序数组中查找元素的第一个和最后一个位置,MEDIUM,45,,,,,2026-03-22,2026-03-25,2026-03-31,2026-04-11
2026-03-21,35,review,-1,34,数学,69,x 的平方根,EASY,15,,,,,2026-03-21,2026-03-24,2026-03-30,2026-04-10
2026-03-21,35,review,-4,31,回溯,39,组合总和,MEDIUM,15,,,,,2026-03-18,2026-03-21,2026-03-27,2026-04-07
2026-03-22,36,new,,36,一维动态规划,70,爬楼梯,EASY,45,,,,,2026-03-23,2026-03-26,2026-04-01,2026-04-12
2026-03-22,36,new,,36,一维动态规划,198,打家劫舍,MEDIUM,45,,,,,2026-03-23,2026-03-26,2026-04-01,2026-04-12
2026-03-22,36,new,,36,数组 / 字符串,68,文本左右对齐,HARD,45,,,,,2026-03-23,2026-03-26,2026-04-01,2026-04-12
2026-03-22,36,review,-1,35,回溯,79,单词搜索,MEDIUM,15,,,,,2026-03-22,2026-03-25,2026-03-31,2026-04-11
2026-03-22,36,review,-4,32,回溯,52,N 皇后 II,HARD,15,,,,,2026-03-19,2026-03-22,2026-03-28,2026-04-08
2026-03-23,37,new,,37,多维动态规划,120,三角形最小路径和,MEDIUM,45,,,,,2026-03-24,2026-03-27,2026-04-02,2026-04-13
2026-03-23,37,new,,37,一维动态规划,139,单词拆分,MEDIUM,45,,,,,2026-03-24,2026-03-27,2026-04-02,2026-04-13
2026-03-23,37,new,,37,哈希表,560,和为 K 的子数组,MEDIUM,45,,,,,2026-03-24,2026-03-27,2026-04-02,2026-04-13
2026-03-23,37,review,-1,36,一维动态规划,70,爬楼梯,EASY,15,,,,,2026-03-23,2026-03-26,2026-04-01,2026-04-12
2026-03-23,37,review,-4,33,位运算,191,位1的个数,EASY,15,,,,,2026-03-20,2026-03-23,2026-03-29,2026-04-09
2026-03-24,38,new,,38,多维动态规划,64,最小路径和,MEDIUM,45,,,,,2026-03-25,2026-03-28,2026-04-03,2026-04-14
2026-03-24,38,new,,38,多维动态规划,63,不同路径 II,MEDIUM,45,,,,,2026-03-25,2026-03-28,2026-04-03,2026-04-14
2026-03-24,38,new,,38,数组 / 字符串,239,滑动窗口最大值,HARD,45,,,,,2026-03-25,2026-03-28,2026-04-03,2026-04-14
2026-03-24,38,review,-1,37,多维动态规划,120,三角形最小路径和,MEDIUM,15,,,,,2026-03-24,2026-03-27,2026-04-02,2026-04-13
2026-03-24,38,review,-4,34,数学,69,x 的平方根,EASY,15,,,,,2026-03-21,2026-03-24,2026-03-30,2026-04-10
2026-03-25,39,new,,39,一维动态规划,322,零钱兑换,MEDIUM,45,,,,,2026-03-26,2026-03-29,2026-04-04,2026-04-15
2026-03-25,39,new,,39,多维动态规划,5,最长回文子串,MEDIUM,45,,,,,2026-03-26,2026-03-29,2026-04-04,2026-04-15
2026-03-25,39,new,,39,二分查找,153,寻找旋转排序数组中的最小值,MEDIUM,45,,,,,2026-03-26,2026-03-29,2026-04-04,2026-04-15
2026-03-25,39,review,-1,38,多维动态规划,64,最小路径和,MEDIUM,15,,,,,2026-03-25,2026-03-28,2026-04-03,2026-04-14
2026-03-25,39,review,-4,35,回溯,79,单词搜索,MEDIUM,15,,,,,2026-03-22,2026-03-25,2026-03-31,2026-04-11
2026-03-26,40,new,,40,多维动态规划,97,交错字符串,MEDIUM,45,,,,,2026-03-27,2026-03-30,2026-04-05,2026-04-16
2026-03-26,40,new,,40,一维动态规划,300,最长递增子序列,MEDIUM,45,,,,,2026-03-27,2026-03-30,2026-04-05,2026-04-16
2026-03-26,40,new,,40,栈,41,缺失的第一个正数,HARD,45,,,,,2026-03-27,2026-03-30,2026-04-05,2026-04-16
2026-03-26,40,review,-1,39,一维动态规划,322,零钱兑换,MEDIUM,15,,,,,2026-03-26,2026-03-29,2026-04-04,2026-04-15
2026-03-26,40,review,-4,36,一维动态规划,70,爬楼梯,EASY,15,,,,,2026-03-23,2026-03-26,2026-04-01,2026-04-12
2026-03-27,41,new,,41,一维动态规划,118,杨辉三角,EASY,45,,,,,2026-03-28,2026-03-31,2026-04-06,2026-04-17
2026-03-27,41,new,,41,多维动态规划,72,编辑距离,MEDIUM,45,,,,,2026-03-28,2026-03-31,2026-04-06,2026-04-17
2026-03-27,41,new,,41,数组 / 字符串,75,颜色分类,MEDIUM,45,,,,,2026-03-28,2026-03-31,2026-04-06,2026-04-17
2026-03-27,41,review,-1,40,多维动态规划,97,交错字符串,MEDIUM,15,,,,,2026-03-27,2026-03-30,2026-04-05,2026-04-16
2026-03-27,41,review,-4,37,多维动态规划,120,三角形最小路径和,MEDIUM,15,,,,,2026-03-24,2026-03-27,2026-04-02,2026-04-13
2026-03-28,42,new,,42,多维动态规划,123,买卖股票的最佳时机 III,HARD,45,,,,,2026-03-29,2026-04-01,2026-04-07,2026-04-18
2026-03-28,42,new,,42,一维动态规划,279,完全平方数,MEDIUM,45,,,,,2026-03-29,2026-04-01,2026-04-07,2026-04-18
2026-03-28,42,new,,42,数学,50,"Pow(x, n)",MEDIUM,45,,,,,2026-03-29,2026-04-01,2026-04-07,2026-04-18
2026-03-28,42,review,-1,41,一维动态规划,118,杨辉三角,EASY,15,,,,,2026-03-28,2026-03-31,2026-04-06,2026-04-17
2026-03-28,42,review,-4,38,多维动态规划,64,最小路径和,MEDIUM,15,,,,,2026-03-25,2026-03-28,2026-04-03,2026-04-14
2026-03-29,43,new,,43,图,200,岛屿数量,MEDIUM,45,,,,,2026-03-30,2026-04-02,2026-04-08,2026-04-19
2026-03-29,43,new,,43,图的广度优先搜索,909,蛇梯棋,MEDIUM,45,,,,,2026-03-30,2026-04-02,2026-04-08,2026-04-19
2026-03-29,43,new,,43,哈希表,31,下一个排列,MEDIUM,45,,,,,2026-03-30,2026-04-02,2026-04-08,2026-04-19
2026-03-29,43,review,-1,42,多维动态规划,123,买卖股票的最佳时机 III,HARD,15,,,,,2026-03-29,2026-04-01,2026-04-07,2026-04-18
2026-03-29,43,review,-4,39,一维动态规划,322,零钱兑换,MEDIUM,15,,,,,2026-03-26,2026-03-29,2026-04-04,2026-04-15
2026-03-30,44,new,,44,图,130,被围绕的区域,MEDIUM,45,,,,,2026-03-31,2026-04-03,2026-04-09,2026-04-20
2026-03-30,44,new,,44,图,133,克隆图,MEDIUM,45,,,,,2026-03-31,2026-04-03,2026-04-09,2026-04-20
2026-03-30,44,new,,44,二叉树,124,二叉树中的最大路径和,HARD,45,,,,,2026-03-31,2026-04-03,2026-04-09,2026-04-20
2026-03-30,44,review,-1,43,图,200,岛屿数量,MEDIUM,15,,,,,2026-03-30,2026-04-02,2026-04-08,2026-04-19
2026-03-30,44,review,-4,40,多维动态规划,97,交错字符串,MEDIUM,15,,,,,2026-03-27,2026-03-30,2026-04-05,2026-04-16
2026-03-31,45,new,,45,图的广度优先搜索,433,最小基因变化,MEDIUM,45,,,,,2026-04-01,2026-04-04,2026-04-10,2026-04-21
2026-03-31,45,new,,45,图,399,除法求值,MEDIUM,45,,,,,2026-04-01,2026-04-04,2026-04-10,2026-04-21
2026-03-31,45,new,,45,数组 / 字符串,287,寻找重复数,MEDIUM,45,,,,,2026-04-01,2026-04-04,2026-04-10,2026-04-21
2026-03-31,45,review,-1,44,图,130,被围绕的区域,MEDIUM,15,,,,,2026-03-31,2026-04-03,2026-04-09,2026-04-20
2026-03-31,45,review,-4,41,一维动态规划,118,杨辉三角,EASY,15,,,,,2026-03-28,2026-03-31,2026-04-06,2026-04-17
